{"intercept": -0.01011339758260328, "coefficient_elo_diff1": 0.0032915751201116283, "coefficient_elo_diff2": 1.4677104185082895e-06, "coefficient_elo_diff3": 2.2961459811375282e-08, "coefficient_min": 0.001490269335159539, "version": 19}