{"intercept": -0.007945972023128585, "coefficient_elo_diff1": 0.00320249604764469, "coefficient_elo_diff2": 1.2068644089486747e-06, "coefficient_elo_diff3": 2.5904496096616645e-08, "coefficient_min": 0.0016091743296918072, "version": 19}