{"intercept": -0.014644579738760577, "coefficient_elo_diff1": 0.0032737988595945367, "coefficient_elo_diff2": 1.9727479055440846e-06, "coefficient_elo_diff3": 1.9830176428869288e-08, "coefficient_min": 0.0014037754838795628, "version": 29}