{"intercept": -0.014740657968776619, "coefficient_elo_diff1": 0.0032918760479374544, "coefficient_elo_diff2": 1.986664534837062e-06, "coefficient_elo_diff3": 1.9783116480883007e-08, "coefficient_min": 0.0013736660167810487, "version": 28}