{"intercept": 0.008015603899079063, "coefficient_elo_diff": 0.003462305048629141, "coefficient_min": 0.0008508027780034638, "version": 10}