{"intercept": 0.008244001923021538, "coefficient_elo_diff": 0.0033018467356396805, "coefficient_min": 0.0009872308265998998, "version": 11}